{
  "2s": {
    "accuracy": 0.7151061608075183,
    "precision": 0.848297213622291,
    "recall": 0.4320063066614111,
    "f1": 0.572473230608514,
    "n_test": 5746,
    "layer": 11,
    "threshold": 0.5
  },
  "4s": {
    "accuracy": 0.7862367921972365,
    "precision": 0.9333333333333333,
    "recall": 0.5262475696694751,
    "f1": 0.6730211355159552,
    "n_test": 3691,
    "layer": 11,
    "threshold": 0.5
  },
  "6s": {
    "accuracy": 0.8581687612208259,
    "precision": 0.8825503355704698,
    "recall": 0.4834558823529412,
    "f1": 0.6247030878859857,
    "n_test": 2228,
    "layer": 11,
    "threshold": 0.5
  },
  "8s": {
    "accuracy": 0.8734402852049911,
    "precision": 0.8169014084507042,
    "recall": 0.31016042780748665,
    "f1": 0.4496124031007752,
    "n_test": 1122,
    "layer": 11,
    "threshold": 0.5
  },
  "5s": {
    "accuracy": 0.8826969384244926,
    "precision": 0.9762658227848101,
    "recall": 0.6542948038176034,
    "f1": 0.7834920634920635,
    "n_test": 2907,
    "layer": 3,
    "threshold": 0.6
  }
}